title,images,material,piece,size,description,0,1,2,3,4,5,6,7,8,Desi,bullet,keywords,manufacturer,UK ID,AU ID,MX ID,TR ID,AE ID,SG ID,JP ID,CA ID,US ID,IT ID,FR ID,ES ID,PL ID,NL ID,DE ID,BG ID,SE ID
Printed Glass Water Bottle - Water Bottle Home Decoration Modern and Stylish Design,1,glass,1,15x15x29,"Galata Tower was built by the Genoese in 1384 as the main tower of the Galata walls. The tower is 61 meters above the ground. It was used as a dungeon in the 16th century and as a fire watchtower in the 18th century.
It was completely burned in the fire in 1794, in 1832 II. It was rebuilt by Mahmut. The tower, which was used as a fire control station until 1964, was restored and opened to visitors in 1967.
Made entirely of glass.
It is suitable for contact with food.
Volume : 950 cc
Height : 29 cm",,263,263,269,,269,286,281,288,2,You can use it in many parts of your home.= Made with glass.= Easy to clean.,glass; modern; stylish; water bottle; lemonade; juice; water bottle; bottle; home decoration; decorative; dining room; kitchen; living room; present; house,eWorldpartner,30434408031,5017050051,97225505011,,,6538795051,5719789051,5439750011,carafes,3214270031,4051209031,2165532031,20853186031,16474175031,3098790031,27898012031,2165532031
Checkmate Pattern Bottle - Water Bottle Home Decoration Modern and Elegant Design Kitchen Bottle,4,glass,1,15x15x35,"It is a design product where you can put your caramel color patterned water and many other drinks.
It is colorful and detailed with embroidery.
It is made entirely of glass.
It is suitable for contact with food.
Diameter : 15 cm
Height : 35 cm
Color/Pattern : Caramel",,175,175,181,,181,198,193,200,2,It is completely made of glass.= Easy to clean.= It has a stylish design.,kitchen; modern; house; home decoration; carafe; bottle; pine; decorative; stylish; living room; living room; dinner set; dining room; water bottle; juice; fruit,eWorldpartner,30434408031,5017050051,97225505011,,,6538795051,5719789051,5439750011,carafes,3214270031,4051209031,2165532031,20853186031,16474175031,3098790031,27898012031,2165532031
Checkmate Patterned Blue Bottle - Water Bottle Kitchenware Modern and Stylish Design,5,glass,1,15x15x35,"It is a design product where you can put your caramel color patterned water and many other drinks.
It is colorful and detailed.
It is made entirely of glass.
It is suitable for contact with food.
Diameter : 15 cm
Height : 35 cm
Color/Pattern : Blue",,180,180,196,,196,220,214,224,2,It is produced with glass.= It has a special design.= It has a cover.,house; house; decoration; kitchen; pine; water; bottle; water bottle; juice; fruit; refrigerator; cold; decorative; illustrated; design; glass; food; modern bottle,eWorldpartner,30434408031,5017050051,97225505011,,,6538795051,5719789051,5439750011,carafes,3214270031,4051209031,2165532031,20853186031,16474175031,3098790031,27898012031,2165532031
Car Pattern Bottle - Water Kids Personal Bottle Kitchenware Modern and Fun Design Bottle,6,glass,1,10x10x20,"It is a design product with a car pattern, where you can put your water and drink.
It is colorful and detailed.
It is made entirely of glass.
It is suitable for contact with food.
Volume : 1110 cc",,96,96,103,,103,120,115,122,1,Designed for your children.= Easy to clean.= Easy to carry.,glass; modern; stylish; water bottle; lemonade; juice; water bottle; bottle; home decoration; decorative; dining room; kitchen; living room; present; house,eWorldpartner,30434408031,5017050051,97225505011,,,6538795051,5719789051,5439750011,carafes,3214270031,4051209031,2165532031,20853186031,16474175031,3098790031,27898012031,2165532031
Green Car Pattern Water Bottle- Water Kids Bottle Kitchenware Modern and Fun Design - Pasabahce,7,glass,1,10x10x20,"It is a design product with a car pattern, where you can put your water and drink.
It is colorful and detailed.
It is made entirely of glass.
It is suitable for contact with food.
Volume : 1110 cc",,96,96,103,,103,120,115,122,1,Easily portable. =Designed for your children.= Easy to clean.,child; car; bike; colourful; water bottle; canteen; pine; kitchen; itkchen staff; food; water glass; design; modern; stylish; personal water bottle,eWorldpartner,30434408031,5017050051,97225505011,,,6538795051,5719789051,5439750011,carafes,3214270031,4051209031,2165532031,20853186031,16474175031,3098790031,27898012031,2165532031
Bicycle Pattern Water Bottle- Water Kids Bottle Kitchenware Fun Design Home Decoration Bottle,8,glass,1,10x10x20,"It is a design product with a bicycle pattern, where you can put your water and beverage.
It is colorful and detailed.
It is made entirely of glass.
It is suitable for contact with food.
Volume : 1110 cc",,96,96,103,,103,120,115,122,1,It is produced with glass.= It has a special design.= It has a cover.,child; car; bike; colourful; water bottle; canteen; pine; kitchen; kitchen staff; food; water glass; design; modern; stylish; personal water bottle,eWorldpartner,30434408031,5017050051,97225505011,,,6538795051,5719789051,5439750011,carafes,3214270031,4051209031,2165532031,20853186031,16474175031,3098790031,27898012031,2165532031
Design Locked Bottle- Stylish and Modern Design Kitchenware Home Decoration Glass Water Bottle,10,glass,1,8x8x25,"It is a water and juice bottle with a lockable cap.
Easily portable.
It will not spill inside.
It is colorful and detailed.
It is made entirely of glass.
It is suitable for contact with food.
Diameter : 7.9 cm
Volume : 1260 cc
Height : 24.9 cm
Color/Pattern : Gray",,93,93,98,,98,111,109,114,1,You can use it in many parts of your home.= Made with glass.= Easy to clean.,kitchen; modern; house; home decoration; carafe; bottle; pine; decorative; stylish; living room; living room; dinner set; dining room; water bottle; juice; fruit,eWorldpartner,30434408031,5017050051,97225505011,,,6538795051,5719789051,5439750011,carafes,3214270031,4051209031,2165532031,20853186031,16474175031,3098790031,27898012031,2165532031
Blue Cap Globe Bottle- Water Fruit Bottle Kitchenware Home Decoration Decorative Elegant Bottle,11,glass,1,10x10x27,"It is a stylish bottle with a cap where you can put water and different drinks.
It is colorful and detailed.
It is made entirely of glass.
It is suitable for contact with food.
It is 100% handmade.
Volume : 750 cc
Height : 27 cm",,105,105,111,,111,128,123,130,1,You can use it personally.= You can use it in your invitations.= Made with glass.,house; house; decoration; kitchen; pine; water; bottle; water bottle; juice; fruit; refrigerator; cold; decorative; illustrated; design; glass; food; modern bottle,eWorldpartner,30434408031,5017050051,97225505011,,,6538795051,5719789051,5439750011,carafes,3214270031,4051209031,2165532031,20853186031,16474175031,3098790031,27898012031,2165532031
Globe Bottle With Green Lid - Juice Bottle Kitchenware Modern and Stylish Dinnerware Glass Water Bottle,12,glass,1,10x10x27,"It is a stylish bottle with a cap where you can put water and different drinks.
It is colorful and detailed.
It is made entirely of glass.
It is suitable for contact with food.
It is 100% handmade.
Volume : 750 cc
Height : 27 cm",,105,105,111,,111,128,123,130,1,It will add elegance to your evening invitations.= It is produced with glass.= It can be washed easily.,glass; modern; stylish; water bottle; lemonade; juice; water bottle; bottle; home decoration; decorative; dining room; kitchen; living room; gift; house,eWorldpartner,30434408031,5017050051,97225505011,,,6538795051,5719789051,5439750011,carafes,3214270031,4051209031,2165532031,20853186031,16474175031,3098790031,27898012031,2165532031
Round Compass Bottle- Timeless Modern and Embroidered Kitchenware Home Decoration Glass Water Bottle,15,glass,1,13x13x21,"While time is defined as the passage of a certain period of time for all objects in the universe to change their positions relative to each other during their movements, great importance has been attached to time and measure in social life since ancient times.
An elegant bottle where you can put your compass embroidered drinks.
It is colorful and detailed.
It is made entirely of glass.
It is suitable for contact with food.
Width : 13 cm
Height : 21 cm",,255,255,261,,261,278,273,280,2,It is produced with glass.= It has a special design.= It has a cover.,blue; colourful; water bottle; pine; kitchen; living room; home decoration; decorative; food; water glass; design; modern; stylish; personal water bottle,eWorldpartner,30434408031,5017050051,97225505011,,,6538795051,5719789051,5439750011,carafes,3214270031,4051209031,2165532031,20853186031,16474175031,3098790031,27898012031,2165532031
Magnifying Bottle - Stylish Elegant Kitchenware Home Decoration Modern Glass Water Bottle,22,glass,1,16x16x31,"An elegant bottle with a magnifying glass in which you can put water and other drinks.
With its simple and elegant appearance, it will suit your home very well.
It is a beautiful product that will take its place in the corner in your meals and invitations.
It is made entirely of glass.
It is suitable for contact with food.
It is 100% handmade.
Diameter : 16 cm
Volume : 1200 cc
Height : 31 cm",,101,101,107,,107,124,119,126,2,You can use it as a gift.=You can use it in many parts of your home.= Easy to clean.,kitchen; modern; house; home decoration; carafe; bottle; pine; decorative; stylish; living room; living room; dinner set; dining room; water bottle; juice; fruit,eWorldpartner,30434408031,5017050051,97225505011,,,6538795051,5719789051,5439750011,carafes,3214270031,4051209031,2165532031,20853186031,16474175031,3098790031,27898012031,2165532031
Magnifying Square Glass Bottle - Modern Kitchenware Modern Home Decoration Glass Water Bottle,23,glass,1,10x10x27,"An elegant bottle with a magnifying glass in which you can put water and other drinks.
With its simple and elegant appearance, it will suit your home very well.
It is a beautiful product that will take its place in the corner in your meals and invitations.
It is made entirely of glass.
It is suitable for contact with food.
It is 100% handmade.
Diameter : 10 cm
Volume : 800 cc
Width: 10cm
Height : 27 cm",,115,115,121,,121,138,133,140,2,It is produced with glass.= It has a special design.= It has a cover.,house; house; decoration; kitchen; pine; water; bottle; water bottle; juice; fruit; refrigerator; cold; decorative; illustrated; design; glass; food; modern bottle,eWorldpartner,30434408031,5017050051,97225505011,,,6538795051,5719789051,5439750011,carafes,3214270031,4051209031,2165532031,20853186031,16474175031,3098790031,27898012031,2165532031
Geometric Detailed Glass Bottle - Stylish Kitchenware Modern Home Decor Dinnerware Glass Water Bottle,24,glass,1,10x10x22,"An elegant bottle with a magnifying glass in which you can put water and other drinks.
With its simple and elegant appearance, it will suit your home very well.
It is a beautiful product that will take its place in the corner in your meals and invitations.
It is made entirely of glass.
It is suitable for contact with food.
It is 100% handmade.
Volume : 1000 cc
Height : 22 cm",,101,101,107,,107,124,119,126,1,It has a modern and stylish design.= You can give it as a gift.= It can be carried easily.,bottle; design; home decoration; decorative; house; furniture; goods; personal; water bottle; storage container; organizer; glass bottle; pine; illustrated; this; kitchen; dinner set; water glass,eWorldpartner,30434408031,5017050051,97225505011,,,6538795051,5719789051,5439750011,carafes,3214270031,4051209031,2165532031,20853186031,16474175031,3098790031,27898012031,2165532031
Base Embroidered Glass Whiskey Bottle - Stylish Kitchenware Modern Home Decor Water Bottle,25,glass,1,10x10x29,"An elegant bottle with a magnifying glass in which you can put water and other drinks.
With its simple and elegant appearance, it will suit your home very well.
It is a beautiful product that will take its place in the corner in your meals and invitations.
It is made entirely of glass.
It is suitable for contact with food.
It is 100% handmade.
Volume : 830 cc
Height : 29 cm",,132,132,139,,139,155,150,157,1,It will add elegance to your evening invitations.= It is produced with glass.= It can be washed easily.,colourful; water bottle; pine; kitchen; living room; home decoration; decorative; food; water glass; design; modern; stylish; personal water bottle,eWorldpartner,30434408031,5017050051,97225505011,,,6538795051,5719789051,5439750011,carafes,3214270031,4051209031,2165532031,20853186031,16474175031,3098790031,27898012031,2165532031
Thin Tall Embroidered Glass Bottle - Kitchenware Modern Home Decoration Decorative Water Bottle,28,glass,1,10x10x35,"An elegant bottle with a magnifying glass in which you can put water and other drinks.
With its simple and elegant appearance, it will suit your home very well.
It is a beautiful product that will take its place in the corner in your meals and invitations.
It is made entirely of glass.
It is suitable for contact with food.
Diameter : 9.5 cm
Height : 35 cm",,101,101,107,,107,124,119,126,1,It is produced with glass.= It has a special design.= It has a cover.,glass; modern; stylish; water bottle; lemonade; juice; water bottle; bottle; home decoration; decorative; dining room; kitchen; living room; present; house,eWorldpartner,30434408031,5017050051,97225505011,,,6538795051,5719789051,5439750011,carafes,3214270031,4051209031,2165532031,20853186031,16474175031,3098790031,27898012031,2165532031
Water Wave Shaped Glass Whiskey Bottle - Stylish Furnishings Modern Home Decoration Water Bottle,32,glass,1,14x14x22,"An elegant bottle with a magnifying glass in which you can put water and other drinks.
With its simple and elegant appearance, it will suit your home very well.
It is a beautiful product that will take its place in the corner in your meals and invitations.
It is made entirely of glass.
It is suitable for contact with food.
100% handmade
Diameter : 14 cm
Volume : 750 cc
Height : 22 cm",,110,110,116,,116,133,128,135,1,You can use it in many parts of your home.= Made with glass.= Easy to clean.,bottle; design; home decoration; decorative; house; furniture; goods; personal; water bottle; storage container; organizer; glass bottle; pine; illustrated; this; kitchen; dinner set; water glass,eWorldpartner,30434408031,5017050051,97225505011,,,6538795051,5719789051,5439750011,carafes,3214270031,4051209031,2165532031,20853186031,16474175031,3098790031,27898012031,2165532031
Relief Glass Bottle - Flamboyant Gold Detailed Bottle Modern Home Decoration Decorative Water Bottle,33,glass,1,9x9x25,"A stylish bottle where you can put relief water and different drinks.
With its simple and elegant appearance, it will suit your home very well.
It is a beautiful product that will take its place in the corner in your meals and invitations.
It is made entirely of glass.
It is suitable for contact with food.
It is 100% handmade.
It can only be hand washed.
Width: 9cm
length: 9cm
Height: 25cm",,220,220,226,,226,243,238,245,1,It will add elegance to your evening invitations.= It is produced with glass.= It can be washed easily.,house; home decoration; decorative; kitchen; pine; this; bottle; water bottle; juice; fruit; refrigerator; cold; decorative; illustrated; design; glass; food; modern bottle,eWorldpartner,30434408031,5017050051,97225505011,,,6538795051,5719789051,5439750011,carafes,3214270031,4051209031,2165532031,20853186031,16474175031,3098790031,27898012031,2165532031
Modern Glass Bottle - Elegant Detailed Furniture Modern Home Decoration Glass Water Bottle,34,glass,1,8x8x16,"A stylish bottle where you can put relief water and different drinks.
With its simple and elegant appearance, it will suit your home very well.
It is a beautiful product that will take its place in the corner in your meals and invitations.
It is made entirely of glass.
It is suitable for contact with food.
It is 100% handmade.
Diameter : 8 cm
Volume : 330 cc
Height : 16 cm",,101,101,107,,107,124,119,126,1,It is produced with glass.= It has a special design.= It has a cover.,bottle; design; home decoration; decorative; house; furniture; goods; personal; water bottle; storage container; organizer; glass bottle; pine; illustrated; this; kitchen; dinner set; water glass,eWorldpartner,30434408031,5017050051,97225505011,,,6538795051,5719789051,5439750011,carafes,3214270031,4051209031,2165532031,20853186031,16474175031,3098790031,27898012031,2165532031
Geometric Shaped Glass Bottle -Stylish Elegant Detailed Furniture Modern Home Decoration Water Bottle,36,glass,1,12x12x28,"Lily adds a sophisticated sparkle to tables with its jug...
An eye-catching choice with the elegance of its lines and stylish stance...
With its simple and elegant appearance, it will suit your home very well.
It is a beautiful product that will take its place in the corner in your meals and invitations.
It is made entirely of glass.
It is suitable for contact with food.
It is 100% handmade.
Diameter : 8 cm
Volume : 330 cc
Height : 16 cm",,97,97,103,,103,120,115,122,1,You can use it in many parts of your home.= Made with glass.= Easy to clean.,glass; modern; stylish; water bottle; lemonade; juice; water bottle; bottle; home decoration; decorative; dining room; kitchen; living room; present; house,eWorldpartner,30434408031,5017050051,97225505011,,,6538795051,5719789051,5439750011,carafes,3214270031,4051209031,2165532031,20853186031,16474175031,3098790031,27898012031,2165532031
Neck Tumbler Wrap Bottle - Elegant Spiral Detailed Kitchenware Modern Home Decor Water Bottle,37,glass,1,15x15x30,"A different interpretation, an elegant reflection that comes to the tables with its long and glass-embroidered neck, which impresses with its original design...
With its simple and elegant look, it will suit your home very well.
It is a beautiful product that will take its place in the corner at your dinners and invitations.
It is made entirely of glass.
It is suitable for contact with food.
It is 100% handmade.
It can only be hand washed.
Diameter : 14.6 cm
Volume : 1100 cc
Height : 29.8 cm",,150,150,165,,165,190,184,194,2,It will add elegance to your evening invitations.= It is produced with glass.= It can be washed easily.,house; house; decoration; kitchen; pine; water; bottle; water bottle; juice; fruit; refrigerator; cold; decorative; illustrated; design; glass; food; modern bottle,eWorldpartner,30434408031,5017050051,97225505011,,,6538795051,5719789051,5439750011,carafes,3214270031,4051209031,2165532031,20853186031,16474175031,3098790031,27898012031,2165532031
Gold Arched Wine Bottle - Glittering Kitchenware Modern Home Decoration Water  Bottle,38,glass,1,12x12x37,"With its simple and elegant look, it will suit your home very well.
It is a beautiful product that will take its place in the corner at your dinners and invitations.
It is made entirely of glass.
It is suitable for contact with food.
It is 100% handmade.
It can only be hand washed.
Diameter : 12 cm
Volume : 1100 cc
Height : 37 cm",,149,149,155,,155,172,167,174,2,You can use it in many parts of your home.= Made with glass.= Easy to clean.,glass; modern; stylish; water bottle; lemonade; juice; water bottle; bottle; home decoration; decorative; dining room; kitchen; living room; present; house,eWorldpartner,30434408031,5017050051,97225505011,,,6538795051,5719789051,5439750011,carafes,3214270031,4051209031,2165532031,20853186031,16474175031,3098790031,27898012031,2165532031
Retro Time Wood Lid Glass Bottle- Kitchen Home Decoration Decorative Water Bottle,"39,40,41",glass,1,8x8x33,"Retro Time Wooden Lid Glass Bottle has airtight wooden cap design for easy pouring.
The durable BPA-free material glass material is shatterproof and is a great choice for indoor, dining and outdoor parties.
Machine washable.
Hand washing is recommended for longer use.
Material/Material: Glass
Volume: 1 liter
Height: 33cm
Bottom diameter: 8cm
Mouth part: 3 cm",,84,84,89,,89,102,100,105,1,You can use it as a personal bottle.= It is completely made of glass.= It can be cleaned easily.,bottle; design; home decoration; decorative; house; furniture; goods; personal; water bottle; storage container; this; organizer; glass bottle; pine; illustrated; with cover,eWorldpartner,30434408031,5017050051,97225505011,,,6538795051,5719789051,5439750011,carafes,3214270031,4051209031,2165532031,20853186031,16474175031,3098790031,27898012031,2165532031
Mary Liz Vita H2O Bedside Jug - 700 ml Kitchen Home Decoration Table Bottle Personal Water Bottle,42.43,glass,1,8x8x15,"Mary Liz Vita H2O Bedside Pitcher, perfect for the desk or nightstand, this set includes a water jug and a glass that doubles as a lid.
It offers a very stylish appearance with its colorful H2o printed design.
Durable BPA-free material provides long-lasting use with glass material
Machine washable.
Hand washing is recommended for longer use.
Material/Material: Glass
Volume: 700ml",,84,84,89,,89,102,100,105,1,It is produced with glass.= It has a special design.= It has a cover.,bottle; design; home decoration; decorative; house; furniture; goods; personal; water bottle; storage container; organizer; glass bottle; pine; illustrated; this; kitchen; dinner set; water glass,eWorldpartner,30434408031,5017050051,97225505011,,,6538795051,5719789051,5439750011,carafes,3214270031,4051209031,2165532031,20853186031,16474175031,3098790031,27898012031,2165532031
Herevin Aqua Neck Bottle - 1 lt Kitchenware Water Bottle Home Decoration Modern Bottle,,glass,1,8x8x33,"It offers a very stylish appearance with its colorful H2o printed design.
Durable BPA-free material provides long-lasting use with glass material
Machine washable.
Hand washing is recommended for longer use.
Material/Material: Glass
Volume: 1 liter
Pattern/Theme: Aqua",,84,84,89,,89,102,100,105,1,Hand washable.= Machine washable.= Easy to carry.,house; house; decoration; kitchen; pine; water; bottle; water bottle; juice; fruit; refrigerator; cold; decorative; illustrated; design; glass; food; modern bottle,eWorldpartner,30434408031,5017050051,97225505011,,,6538795051,5719789051,5439750011,carafes,3214270031,4051209031,2165532031,20853186031,16474175031,3098790031,27898012031,2165532031
Aware Amphora Bottle With Cork Cap - Kitchen Decoration Water Glass Modern Home Decorative Bottle,"48,47,46",glass,1,8x8x33,"It is capped and does not spill.
It offers a very stylish appearance with its colorful H2o printed design.
Durable BPA-free material provides long-lasting use with glass material
Machine washable.
Hand washing is recommended for longer use.
Material/Material: Glass
Volume: 1180 ml",,84,84,89,,89,102,100,105,1,Covered.= Easy to clean.= Made entirely of glass.,house; home decoration; decorative; kitchen; pine; this; bottle; water bottle; juice; fruit; refrigerator; cold; decorative; illustrated; design; glass; food; modern bottle,eWorldpartner,30434408031,5017050051,97225505011,,,6538795051,5719789051,5439750011,carafes,3214270031,4051209031,2165532031,20853186031,16474175031,3098790031,27898012031,2165532031
Mary Liz Vita Bedside Pitcher Blue- Kids Water Bottle Table Kitchen Home Decoration Modern Patterned Bottle,44.45,glass,1,8x8x15,"Mary Liz Vita H2O Bedside Pitcher, perfect for the desk or nightstand, this set includes a water jug and a glass that doubles as a lid.
It offers a very stylish appearance with its colorful H2o printed design.
Durable BPA-free material provides long-lasting use with glass material
Machine washable.
Hand washing is recommended for longer use.
Material/Material: Glass
Volume: 700ml",,84,84,89,,89,102,100,105,1,It is machine washable.= It is entirely made of glass.= It is decorated with inscriptions on the glass.,bottle; design; home decoration; decorative; house; furniture; goods; personal; water bottle; storage container; organizer; glass bottle; pine; illustrated; this; kitchen; dinner set; water glass,eWorldpartner,30434408031,5017050051,97225505011,,,6538795051,5719789051,5439750011,carafes,3214270031,4051209031,2165532031,20853186031,16474175031,3098790031,27898012031,2165532031
Fonte Water Bottle With Silicone Lid- Kitchen Decoration Fruit Juice Decorative Modern Stylish Water Bottle,"49,5,51,52,53,54",glass,1,8x8x15,"It is capped and does not spill.
It offers a very stylish appearance with its colorful H2o printed design.
Durable BPA-free material provides long-lasting use with glass material
Machine washable.
Hand washing is recommended for longer use.
Material/Material: Glass
Volume: 700ml",,84,84,89,,89,102,100,105,1,It is made with glass.= It is a stylish and simple bottle.= You can use it personally.,house; home decoration; decorative; kitchen; glass; this; bottle; water bottle; juice; fruit; cold; decorative; illustrated; design; glass; food; modern bottle; stylish;,eWorldpartner,30434408031,5017050051,97225505011,,,6538795051,5719789051,5439750011,carafes,3214270031,4051209031,2165532031,20853186031,16474175031,3098790031,27898012031,2165532031
Silk Monarca Water Bottle- Modern Stylish Glass Home Decor Dinner Water Bottle,59,glass,1,17x17x31,"Ä°pek Monarca Jug has a design and appearance that will adapt to any environment with its elegant and slim stance and gentle handle.
The durable BPA-free material glass material is shatterproof and is a great choice for indoor, dining and outdoor parties.
Machine washable.
Hand washing is recommended for longer use.
Material/Material: Glass
Size: 17x31cm
Volume: 1.5 lt",,106,106,112,,112,129,124,131,1,It is completely made of glass.= Easy to clean.= It has a stylish design.,glass; modern; stylish; water bottle; lemonade; juice; water bottle; bottle; home decoration; decorative; dining room; kitchen; living room; present; house,eWorldpartner,30434408031,5017050051,97225505011,,,6538795051,5719789051,5439750011,carafes,3214270031,4051209031,2165532031,20853186031,16474175031,3098790031,27898012031,2165532031
Livava Rose Quartz Natural Stone Bottle - Personal Portable Glass Decorative Water Bottle,"60,61,62,63",glass,1,7x7x25,"Glass thermos is the model with pink quartz stone.
It is made of rose quartz stone, glass bottle and steel materials. It is also known as the love stone. They are beautiful healing crystals that you can use throughout your home, as they have a powerful energy and vibration that helps heal relationship issues.
The minerals in its content mix with the water and affect your body.
The product is 7x7x25 cm.",,87,87,92,,92,105,103,108,1,It is a personal water bottle.= It has a special design.= It has a modern design.,quartz; stone; pine; canteen; water bottle; personal water bottle; water; cover; kitchen; home decoration; decorative; modern; stylish; design,eWorldpartner,30434408031,5017050051,97225505011,,,6538795051,5719789051,5439750011,carafes,3214270031,4051209031,2165532031,20853186031,16474175031,3098790031,27898012031,2165532031
Livava Crystal Quartz Natural Stone Flask- Kitchen Utensil Modern Stylish Personal Water Bottle,"65,66,67,68",glass,1,7x7x25,"Glass thermos is the model with pink quartz stone.
It is made of rose quartz stone, glass bottle and steel materials. It is also known as the love stone. They are beautiful healing crystals that you can use throughout your home, as they have a powerful energy and vibration that helps heal relationship issues.
The minerals in its content mix with the water and affect your body.
The product is 7x7x25 cm.",,87,87,92,,92,105,103,108,1,Easy to clean.= It can be used individually.= It has a cover.,quartz; stone; cam; canteen; water bottle; personalized water bottle; water; casing; kitchen; home decoration; decorative; modern; stylish; design,eWorldpartner,30434408031,5017050051,97225505011,,,6538795051,5719789051,5439750011,carafes,3214270031,4051209031,2165532031,20853186031,16474175031,3098790031,27898012031,2165532031
Parry Glass Bottle- Kitchen Home Decoration Modern Design Water Bottle,"69,70,71",glass,1,7x7x25,"It is used to drink water, soft drink or detox mixture at home or in the office, hand washing is recommended.
Can be hand washed.
Machine washable.
Volume: 1000 ml
Material: Glass",,91,91,96,,96,109,107,112,1,Easy to carry.= Made entirely of glass.= Can be used personally.,glass bottle; pine; bottle; water bottle; design; modern; stylish; home decoration; decorative; transparent; kitchen; living room; portable; small; juice; food,eWorldpartner,30434408031,5017050051,97225505011,,,6538795051,5719789051,5439750011,carafes,3214270031,4051209031,2165532031,20853186031,16474175031,3098790031,27898012031,2165532031
Tino Glass Bottle- Modern Cap Design Kitchen Home Decoration Decorative Water Bottle,"72,73,74",glass,1,7x7x25,"It is used to drink water, soft drink or detox mixture at home or in the office, hand washing is recommended.
Can be hand washed.
Machine washable.
Volume: 1000 ml
Material: Glass",,91,91,96,,96,109,107,112,1,It is a personal water bottle.= It has a special design.= It has a modern design.,bottle; design; home decoration; decorative; house; furniture; goods; personal; water bottle; storage container; organizer; glass bottle; pine; illustrated; this; kitchen; dinner set; water glass,eWorldpartner,30434408031,5017050051,97225505011,,,6538795051,5719789051,5439750011,carafes,3214270031,4051209031,2165532031,20853186031,16474175031,3098790031,27898012031,2165532031
Verna Glass Bottle 500 Ml Transparent - Stylish Design Kitchenware Water Bottle,"75,76,77",glass,1,5x5x10,"It is used to drink water, soft drink or detox mixture at home or in the office, hand washing is recommended.
Can be hand washed.
Machine washable.
Volume: 500 ml
Material: Glass",,84,84,89,,89,102,100,112,1,It is a stylish bottle.= You can use it personally.= Easy to clean.,glass; glass bottle; water bottle; detox;drink; drink; kitchen; house; home decoration; decorative; stylish; design; modern; the glass woman; man;,eWorldpartner,30434408031,5017050051,97225505011,,,6538795051,5719789051,5439750011,carafes,3214270031,4051209031,2165532031,20853186031,16474175031,3098790031,27898012031,2165532031
Pearly Glass Water Bottle - Kitchen Decorative Home Decoration Personal Detox Bottle,"90,91,92",glass,1,5x5x10,"It is used to drink water, soft drink or detox mixture at home or in the office, hand washing is recommended.
Can be hand washed.
Machine washable.
Volume: 500 ml
Material: Glass",,84,84,89,,89,102,100,112,1,Made of glass.= Can be used individually.= Can be stored in the refrigerator.,glass; glass bottle; water bottle; detox; kitchen; house; home decoration; decorative; stylish; design; modern; pine; drink; food; living room; decoration,eWorldpartner,30434408031,5017050051,97225505011,,,6538795051,5719789051,5439750011,carafes,3214270031,4051209031,2165532031,20853186031,16474175031,3098790031,27898012031,2165532031
Largii Turquoise Glass Bottle - Home Decoration Modern Design Personal Water Bottle,"81,82,83",glass,1,7x7x13,"It is used to drink water, soft drink or detox mixture at home or in the office, hand washing is recommended.
Can be hand washed.
Machine washable.
Volume: 750 ml
Material: Glass",,93,93,98,,98,111,109,114,1,It is completely made of glass.= Easy to clean.= It has a stylish design.,glass; modern; stylish; water bottle; lemonade; juice; water bottle; bottle; home decoration; decorative; dining room; kitchen; living room; present; house,eWorldpartner,30434408031,5017050051,97225505011,,,6538795051,5719789051,5439750011,carafes,3214270031,4051209031,2165532031,20853186031,16474175031,3098790031,27898012031,2165532031
Caprice Orange Glass Bottle - Home Decor Kitchen Stylish and Modern Design Personal Water Bottle,"84,85,86",glass,1,7x7x13,"It is used to drink water, soft drink or detox mixture at home or in the office, hand washing is recommended.
Can be hand washed.
Machine washable.
Volume: 750 ml
Material: Glass",,93,93,98,,98,111,109,114,1,It is completely made of glass.= Easy to clean.= It has a stylish design.,glass; modern; stylish; water bottle; lemonade; juice; water bottle; bottle; home decoration; decorative; dining room; kitchen; living room; present; house,eWorldpartner,30434408031,5017050051,97225505011,,,6538795051,5719789051,5439750011,carafes,3214270031,4051209031,2165532031,20853186031,16474175031,3098790031,27898012031,2165532031
Irina Colored Glass Bottle - Decorative Kitchen Stylish and Modern Design Home Decoration Personal Water Bottle,"87,88,89",glass,1,5x5x9,"It is used to drink water, soft drink or detox mixture at home or in the office, hand washing is recommended.
Can be hand washed.
Machine washable.
Volume: 450 ml
Material: Glass",,84,84,89,,89,102,100,112,1,Easy to carry.= It has a colorful design.= It has a modern design.,glass; glass bottle; water bottle; detox; kitchen; house; home decoration; decorative; stylish; design; modern; pine; drink; food; living room; decoration,eWorldpartner,30434408031,5017050051,97225505011,,,6538795051,5719789051,5439750011,carafes,3214270031,4051209031,2165532031,20853186031,16474175031,3098790031,27898012031,2165532031
Pearl Blue Glass Water Bottle - Kitchen Decorative Home Decor Personal Water Bottle,"129,130,131",glass,1,5x5x10,"It is used to drink water, soft drink or detox mixture at home or in the office, hand washing is recommended.
Can be hand washed.
Machine washable.
Volume: 500 ml
Material: Glass",,84,84,89,,89,102,100,112,1,Made of glass.= Can be used individually.= Can be stored in the refrigerator.,glass; glass bottle; water bottle; detox; kitchen; house; home decoration; decorative; stylish; design; modern; pine; drink; food; living room; decoration,eWorldpartner,30434408031,5017050051,97225505011,,,6538795051,5719789051,5439750011,carafes,3214270031,4051209031,2165532031,20853186031,16474175031,3098790031,27898012031,2165532031
Tiffany Glass Bottle - Kitchen Decorative Modern Design Home Decor  Water Bottle,"93,94,95",glass,1,7x7x25,"It is used to drink water, soft drink or detox mixture at home or in the office, hand washing is recommended.
Can be hand washed.
Machine washable.
Volume: 1000 ml
Material: Glass",,91,91,96,,96,109,107,112,1,Made entirely of glass.= Can be used personally.= Easy to clean.,glass bottle; pine; bottle; water bottle; design; modern; stylish; home decoration; decorative; transparent; kitchen; living room; portable; small; juice; food,eWorldpartner,30434408031,5017050051,97225505011,,,6538795051,5719789051,5439750011,carafes,3214270031,4051209031,2165532031,20853186031,16474175031,3098790031,27898012031,2165532031
Alpins Turquoise Glass Bottle- Modern Embroidered Design Kitchen Home Decoration Water Bottle,"96,97,98",glass,1,7x7x13,"It is used to drink water, soft drink or detox mixture at home or in the office, hand washing is recommended.
Can be hand washed.
Machine washable.
Volume: 720 ml
Material: Glass",,105,105,110,,110,123,121,126,1,It is machine washable.= It is entirely made of glass.= It is decorated with inscriptions on the glass.,glass bottle; glass; water bottle; detox; kitchen; house; home decoration; decorative; stylish; design; modern; pine; food; living room; decoration,eWorldpartner,30434408031,5017050051,97225505011,,,6538795051,5719789051,5439750011,carafes,3214270031,4051209031,2165532031,20853186031,16474175031,3098790031,27898012031,2165532031
Largii Orange Glass Bottle - Home Decoration Modern Design Kitchen Decorative Water Bottle,"99,100,101",glass,1,7x7x13,"It is used to drink water, soft drink or detox mixture at home or in the office, hand washing is recommended.
Can be hand washed.
Machine washable.
Volume: 750 ml
Material: Glass",,93,93,98,,98,111,109,114,1,It is completely made of glass.= Easy to clean.= It has a stylish design.,glass; modern; stylish; water bottle; lemonade; juice; water bottle; bottle; home decoration; decorative; dining room; kitchen; living room; present; house,eWorldpartner,30434408031,5017050051,97225505011,,,6538795051,5719789051,5439750011,carafes,3214270031,4051209031,2165532031,20853186031,16474175031,3098790031,27898012031,2165532031
Homie Glass Storage Bottle - Home Decoration Stylish Design Kitchen Decorative Water Bottle,"102,103,104",glass,1,7x7x25,"It is used to drink water, soft drink or detox mixture at home or in the office, hand washing is recommended.
It helps you store and carry your drinks, dishwasher safe.
Volume: 1000 ml
Material: Glass",,91,91,96,,96,109,107,112,1,You can store your food. = It has a special design. = It has a modern design.,bottle; design; home decoration; decorative; house; furniture; goods; personal; water bottle; storage container; organizer; glass bottle; pine; illustrated; this; kitchen; dinner set; water glass,eWorldpartner,30434408031,5017050051,97225505011,,,6538795051,5719789051,5439750011,carafes,3214270031,4051209031,2165532031,20853186031,16474175031,3098790031,27898012031,2165532031
Caprice Green Glass Bottle - Home Decor Kitchen Modern Design Decorative Water Bottle,"90,91,92",glass,1,7x7x13,"It is used to drink water, soft drink or detox mixture at home or in the office, hand washing is recommended.
Can be hand washed.
Machine washable.
Volume: 750 ml
Material: Glass",,93,93,98,,98,111,109,114,1,It has a stylish design.= It is completely made of glass.= It is easy to clean.,glass; modern; stylish; water bottle; lemonade; juice; water bottle; bottle; home decoration; decorative; dining room; kitchen; living room; present; house,eWorldpartner,30434408031,5017050051,97225505011,,,6538795051,5719789051,5439750011,carafes,3214270031,4051209031,2165532031,20853186031,16474175031,3098790031,27898012031,2165532031
Palin Engraved Glass Water Bottle- Vintage Stylish Kitchen Home Decoration Decorative Water Bottle,"108,109,110",glass,1,7x7x25,"It is used to drink water, soft drink or detox mixture at home or in the office, hand washing is recommended.
It has an embroidered one.
You can also make it for your elegant dinners.
Helps you store and transport your drinks, dishwasher safe.
Volume: 1100ml
Material: Glass",,105,105,110,,110,123,121,126,1,It is machine washable.= It is entirely made of glass.= It is decorated with inscriptions on the glass.,house; home decoration; decorative; kitchen; glass; this; bottle; water bottle; juice; fruit; cold; decorative; illustrated; design; glass; food; modern bottle; stylish;,eWorldpartner,30434408031,5017050051,97225505011,,,6538795051,5719789051,5439750011,carafes,3214270031,4051209031,2165532031,20853186031,16474175031,3098790031,27898012031,2165532031
Parley Glass Bottle- Water Bottle Stylish Design Kitchen Home Decoration Decorative Water Bottle,"111,112,113",glass,1,7x7x25,"It is used to drink water, soft drink or detox mixture at home or in the office, hand washing is recommended.
It has an embroidered one.
You can also make it for your elegant dinners.
Helps you store and transport your drinks, dishwasher safe.
Volume: 1000ml
Material: Glass",,84,84,89,,89,102,100,112,1,It is made with glass.= It is a stylish and simple bottle.= You can use it personally.,,eWorldpartner,30434408031,5017050051,97225505011,,,6538795051,5719789051,5439750011,carafes,3214270031,4051209031,2165532031,20853186031,16474175031,3098790031,27898012031,2165532031
Adelmo Glass Bottle- Home Decoration Modern Design Kitchen Dining Room Decorative Water Bottle,"114,115,116",glass,1,7x7x25,"It is used to drink water, soft drink or detox mixture at home or in the office, hand washing is recommended.
It has a flat structure.
You can also make it for your elegant dinners.
Volume: 1000ml
Material: Glass",,84,84,89,,89,102,100,112,1,It is produced with glass.= It has a special design.= It has a cover.,bottle; design; home decoration; decorative; house; furniture; goods; personal; water bottle; storage container; organizer; glass bottle; pine; illustrated; this; kitchen; dinner set; water glass,eWorldpartner,30434408031,5017050051,97225505011,,,6538795051,5719789051,5439750011,carafes,3214270031,4051209031,2165532031,20853186031,16474175031,3098790031,27898012031,2165532031
Verna Glass Bottle 300 Ml Transparent - Modern Kitchen Design Kitchenware Water Bottle,"117,118,119",glass,1,5x5x7,"It is used to serve soft drinks and water to your stylish and daily tables, it can be used safely in the dishwasher.
It has a flat structure.
You can also use it in your elegant evening meals.
Volume: 300ml
Material: Glass",,75,75,80,,80,93,91,96,1,Designed for your children.= Easy to clean.= Easy to carry.,kitchen; modern; house; home decoration; carafe; bottle; pine; decorative; stylish; living room; living room; dinner set; dining room; water bottle; juice; fruit,eWorldpartner,30434408031,5017050051,97225505011,,,6538795051,5719789051,5439750011,carafes,3214270031,4051209031,2165532031,20853186031,16474175031,3098790031,27898012031,2165532031
Verna Glass Bottle 100 Ml Transparent - Modern Kitchen Design Kitchen Home Decoration Water Bottle,"120,121,122",glass,1,5x5x5,"It is used to serve soft drinks and water to your stylish and daily tables, it can be used safely in the dishwasher.
It has a flat structure.
You can also use it in your elegant evening meals.
Volume: 100ml
Material: Glass",,75,75,80,,80,93,91,96,1,It will add elegance to your evening invitations.= It is produced with glass.= It can be washed easily.,house; house; decoration; kitchen; pine; water; bottle; water bottle; juice; fruit; refrigerator; cold; decorative; illustrated; design; glass; food; modern bottle,eWorldpartner,30434408031,5017050051,97225505011,,,6538795051,5719789051,5439750011,carafes,3214270031,4051209031,2165532031,20853186031,16474175031,3098790031,27898012031,2165532031
Largii Orange Glass Bottle - Home Decoration Modern Kitchen Decorative Water Bottle,"132,133,134",glass,1,5x5x10,"It is used to serve soft drinks and water on your stylish and daily tables. It is recommended to wash by hand with the help of a soft sponge.
It has a flat structure.
You can also use it in your elegant evening meals.
Volume: 500ml
Material: Glass",,84,84,89,,89,102,100,112,1,It is produced with glass.= It has a special design.= It has a cover.,glass; modern; stylish; water bottle; lemonade; juice; water bottle; bottle; home decoration; decorative; dining room; kitchen; living room; present; house,eWorldpartner,30434408031,5017050051,97225505011,,,6538795051,5719789051,5439750011,carafes,3214270031,4051209031,2165532031,20853186031,16474175031,3098790031,27898012031,2165532031
Largii Turquoise Glass Bottle - Home Decoration Modern Kitchen Dining Room Decorative Water Bottle,"123,124,125",glass,1,5x5x11,"It is used to serve soft drinks and water on your stylish and daily tables. It is recommended to wash by hand with the help of a soft sponge.
It has a flat structure.
You can also use it in your elegant evening meals.
Volume: 500ml
Material: Glass",,84,84,89,,89,102,100,112,1,You can use it in many parts of your home.= Made with glass.= Easy to clean.,kitchen; modern; house; home decoration; carafe; bottle; pine; decorative; stylish; living room; living room; dinner set; dining room; water bottle; juice; fruit,eWorldpartner,30434408031,5017050051,97225505011,,,6538795051,5719789051,5439750011,carafes,3214270031,4051209031,2165532031,20853186031,16474175031,3098790031,27898012031,2165532031
Halle Glass Storage Bottle - Home Decor Modern Kitchen Decorative Water Bottle,"126,127,128",glass,1,7x7x25,"It helps you store and carry your drinks, dishwasher safe.
It has a flat structure.
You can also use it in your elegant evening meals.
Volume: 1000ml
Material: Glass",,84,84,89,,89,102,100,112,1,It is machine washable.= It is entirely made of glass.= It is decorated with inscriptions on the glass.,glass bottle; glass; water bottle; detox; kitchen; house; home decoration; decorative; stylish; design; modern; pine; food; living room; decoration,eWorldpartner,30434408031,5017050051,97225505011,,,6538795051,5719789051,5439750011,carafes,3214270031,4051209031,2165532031,20853186031,16474175031,3098790031,27898012031,2165532031
Pearly Turquoise Glass Bottle- Modern Kitchen Personal Bottle Home Decoration Decorative Water Bottle,"129,130,131",glass,1,7x7x28,"It is used to serve soft drinks and water on your stylish and daily tables. It is recommended to wash by hand with the help of a soft sponge.
It has a flat structure.
You can also use it in your elegant evening meals.
Volume: 1250 ml
Material: Glass",,93,93,98,,98,111,109,114,1,You can wash it by hand.= It can be used individually.= It has a colorful pattern.,glass bottle; glass; water bottle; detox; kitchen; house; home decoration; decorative; stylish; design; modern; glass; the food living room; decoration,eWorldpartner,30434408031,5017050051,97225505011,,,6538795051,5719789051,5439750011,carafes,3214270031,4051209031,2165532031,20853186031,16474175031,3098790031,27898012031,2165532031
Patterned Glass Water Bottle - Kitchen Home Decoration Modern Decorative Bottle,"139,140,141,142",glass,1,7x11x25,"The glass bottle, which contains simplicity and unique aesthetic textures, stands out with its modern design.
It can store your favorite drinks with the capped bottle.
You can include it in your kitchen decoration.
It is suitable for dishwasher use.
Material: 100% Glass
Width: 7
Height: 11.50
Height: 25",,106,106,112,,112,129,124,131,1,Dishwasher safe.= Made entirely of glass.= Easy to wash.,glass; glass bottle; water bottle; modern; stylish; patterned; kitchen; refrigerator; design; home decoration; decorative; Woman; dinner set; cup; dining room,eWorldpartner,30434408031,5017050051,97225505011,,,6538795051,5719789051,5439750011,carafes,3214270031,4051209031,2165532031,20853186031,16474175031,3098790031,27898012031,2165532031
Borosilicate Glass Bottle- Kitchen Home Decoration Modern Design Decorative Personal Water Bottle,135.136,glass,1,5x5x20,"Produced from borosilicate glass, the glass water flask, which stands out with its durability, offers elegance with its customized and colored flip caps with lettering detail.
You can easily carry glass bottles with 360 cc volume with you at any time and enjoy your day.
Material: 100% Glass
Width: 5
Height: 5
Height: 20",,102,102,107,,107,120,118,123,1,You can use it in many parts of your home.= Made with glass.= Easy to clean.,glass; glass bottle; water bottle; modern; stylish; patterned; kitchen; refrigerator; design; home decoration; decorative; Woman; dinner set; cup; dining room,eWorldpartner,30434408031,5017050051,97225505011,,,6538795051,5719789051,5439750011,carafes,3214270031,4051209031,2165532031,20853186031,16474175031,3098790031,27898012031,2165532031
Borosilicate Beige Glass Bottle- Kitchen Home Decoration Modern Design Decorative Personal Water Bottle,137.138,glass,1,5x5x20,"Produced from borosilicate glass, the glass water flask, which stands out with its durability, offers elegance with its customized and colored flip caps with lettering detail.
You can easily carry glass bottles with 360 cc volume with you at any time and enjoy your day.
Material: 100% Glass
Width: 5
Height: 5
Height: 20",,102,102,107,,107,120,118,123,1,Dishwasher safe.= Made entirely of glass.= Easy to wash.,glass; glass bottle; water bottle; modern; stylish; patterned; kitchen; refrigerator; design; home decoration; decorative; Woman; dinner set; cup; dining room,eWorldpartner,30434408031,5017050051,97225505011,,,6538795051,5719789051,5439750011,carafes,3214270031,4051209031,2165532031,20853186031,16474175031,3098790031,27898012031,2165532031
Glass Flask and Water Bottle- Home Decoration Modern Design Water Bottle,"144,145,146,147",glass,1,7x7x23,"Produced from borosilicate glass, the glass water flask, which stands out with its durability, offers elegance with its customized and colored flip caps with lettering detail.
You can easily carry glass bottles with 360 cc volume with you at any time and enjoy your day.
Material: 100% Glass
Width: 7
Height: 7
Height: 23",,93,93,98,,98,111,109,114,1,It is produced with glass.= It has a special design.= It has a cover.,kitchen; modern; house; home decoration; carafe; bottle; pine; decorative; stylish; living room; living room; dinner set; dining room; water bottle; juice; fruit,eWorldpartner,30434408031,5017050051,97225505011,,,6538795051,5719789051,5439750011,carafes,3214270031,4051209031,2165532031,20853186031,16474175031,3098790031,27898012031,2165532031
Sketch Glass Bottle- Home Decor Modern Pattern Kitchen Dining Room Water Bottle,26,glass,1,7x7x10,"It is a design product where you can put many of your drinks with glass processing.
It is colorful and detailed.
It is made entirely of glass.
It is suitable for contact with food.
Volume : 1400 cc",,110,110,116,,116,133,128,135,1,It will add elegance to your evening invitations.= It is produced with glass.= It can be washed easily.,bottle; design; home decoration; decorative; house; furniture; goods; personal; water bottle; storage container; organizer; glass bottle; pine; illustrated; this; kitchen; dinner set; water glass,eWorldpartner,30434408031,5017050051,97225505011,,,6538795051,5719789051,5439750011,carafes,3214270031,4051209031,2165532031,20853186031,16474175031,3098790031,27898012031,2165532031
Aron Bedside Jug- Embroidered Glass Kitchen Home Decoration Modern Water Bottle,"148,149,150",glass,1,10x10x20,"Store your water in the Aron Bedside Jug, which you can keep in healthy glassware.
Don't let the thirst that interrupts your sleep go away when you get out of your warm bed.
The Aron Bedside Jug has an elegant piece that you can use both as a lid and as a glass, so you can easily drink the water you fill in your bedside jug without needing any other equipment and go back to sleep.
Product Type: Glass
Color: Std
Volume: 525 ml
Size: 10x10x20 cm",,84,84,89,,89,102,100,105,1,You can wash it by hand.= It can be used individually.= It has a colorful pattern.,house; home decoration; decorative; kitchen; glass; this; bottle; water bottle; juice; fruit; cold; decorative; illustrated; design; glass; food; modern bottle; stylish;,eWorldpartner,30434408031,5017050051,97225505011,,,6538795051,5719789051,5439750011,carafes,3214270031,4051209031,2165532031,20853186031,16474175031,3098790031,27898012031,2165532031
Rosa Water Bottle- Home Decoration Modern Colorful Kitchen Decorative Water Bottle,151.152,glass,1,7x7x20,"Inspired by fashion, the Rosa Water Bottle will refresh you both as you look at it and as you drink water.
You can safely store your carbonated and still drinks or sauces, thanks to its pressure-resistant lid and refrigerator-friendly dimensions.
Product Type: Glass
Usage: With Lid
Size: 1000 ml
Color: Patterned",,84,84,89,,89,102,100,105,1,Designed for your children.= Easy to clean.= Easy to carry.,bottle; design; home decoration; decorative; house; furniture; goods; personal; water bottle; storage container; organizer; glass bottle; pine; illustrated; this; kitchen; dinner set; water glass,eWorldpartner,30434408031,5017050051,97225505011,,,6538795051,5719789051,5439750011,carafes,3214270031,4051209031,2165532031,20853186031,16474175031,3098790031,27898012031,2165532031
Fish Glass Water Bottle - Kitchenware Home Decoration Decorative Water Bottle,"153,154,155",glass,1,7x7x20,"Inspired by fashion, the Rosa Water Bottle will refresh you both as you look at it and as you drink water.
You can safely store your carbonated and still drinks or sauces, thanks to its pressure-resistant lid and refrigerator-friendly dimensions.
Product Type: Glass
Usage: With Lid
Size: 1000 ml
Color: Patterned",,84,84,89,,89,102,100,105,,You can wash it by hand.= It can be used individually.= It has a colorful pattern.,glass bottle; glass; water bottle; detox; kitchen; house; home decoration; decorative; stylish; design; modern; pine; food; living room; decoration,eWorldpartner,30434408031,5017050051,97225505011,,,6538795051,5719789051,5439750011,carafes,3214270031,4051209031,2165532031,20853186031,16474175031,3098790031,27898012031,2165532031
